{
  "hash": "f760e203",
  "configHash": "70b6ef1d",
  "lockfileHash": "b5a9e1e7",
  "browserHash": "daa5cadd",
  "optimized": {
    "@angular/common": {
      "src": "../../../../../../node_modules/@angular/common/fesm2022/common.mjs",
      "file": "@angular_common.js",
      "fileHash": "59aaf01a",
      "needsInterop": false
    },
    "@angular/core": {
      "src": "../../../../../../node_modules/@angular/core/fesm2022/core.mjs",
      "file": "@angular_core.js",
      "fileHash": "b66c01de",
      "needsInterop": false
    },
    "@angular/platform-browser": {
      "src": "../../../../../../node_modules/@angular/platform-browser/fesm2022/platform-browser.mjs",
      "file": "@angular_platform-browser.js",
      "fileHash": "a3f94c2a",
      "needsInterop": false
    },
    "@angular/router": {
      "src": "../../../../../../node_modules/@angular/router/fesm2022/router.mjs",
      "file": "@angular_router.js",
      "fileHash": "fb9b1a15",
      "needsInterop": false
    },
    "@angular/common/http": {
      "src": "../../../../../../node_modules/@angular/common/fesm2022/http.mjs",
      "file": "@angular_common_http.js",
      "fileHash": "dcb27bd2",
      "needsInterop": false
    },
    "rxjs": {
      "src": "../../../../../../node_modules/rxjs/dist/esm5/index.js",
      "file": "rxjs.js",
      "fileHash": "e2e3651f",
      "needsInterop": false
    }
  },
  "chunks": {
    "chunk-VUSIUU2D": {
      "file": "chunk-VUSIUU2D.js"
    },
    "chunk-ET5SAGGE": {
      "file": "chunk-ET5SAGGE.js"
    },
    "chunk-JS2GI3JY": {
      "file": "chunk-JS2GI3JY.js"
    },
    "chunk-JYXXJTPI": {
      "file": "chunk-JYXXJTPI.js"
    },
    "chunk-5TID76VL": {
      "file": "chunk-5TID76VL.js"
    }
  }
}